{"cameraMode":{"drawMode":0,"name":"Shaded","section":"Shading Mode"},"sceneLighting":false,"audioPlay":false,"sceneViewState":{"showFog":true,"showMaterialUpdate":false,"showSkybox":false,"showFlares":true,"showImageEffects":true,"showParticleSystems":true},"in2DMode":false,"pivot":{"x":0.08850383013486862,"y":0.1830018162727356,"z":-0.4259064495563507},"rotation":{"x":-0.28397709131240847,"y":-0.04952365159988403,"z":0.01457794290035963,"w":-0.9575139880180359},"size":0.03674234077334404,"orthographic":false}