{"cameraMode":{"drawMode":0,"name":"Shaded","section":"Shading Mode"},"sceneLighting":true,"audioPlay":false,"sceneViewState":{"showFog":true,"showMaterialUpdate":false,"showSkybox":true,"showFlares":true,"showImageEffects":true,"showParticleSystems":true},"in2DMode":false,"pivot":{"x":-8.874160766601563,"y":4.785055160522461,"z":-0.8576250076293945},"rotation":{"x":-0.04635161906480789,"y":0.9529734253883362,"z":-0.22957287728786469,"w":-0.1923864483833313},"size":40.59403610229492,"orthographic":true}