{"cameraMode":{"drawMode":0,"name":"Shaded","section":"Shading Mode"},"sceneLighting":true,"audioPlay":false,"sceneViewState":{"showFog":true,"showMaterialUpdate":false,"showSkybox":true,"showFlares":true,"showImageEffects":true,"showParticleSystems":true},"in2DMode":false,"pivot":{"x":-0.03822244703769684,"y":0.2311093658208847,"z":0.26979851722717287},"rotation":{"x":0.0011364608071744443,"y":0.9387185573577881,"z":-0.3446798324584961,"w":0.00309392181225121},"size":59.404579162597659,"orthographic":true}