{"cameraMode":{"drawMode":0,"name":"Shaded","section":"Shading Mode"},"sceneLighting":true,"audioPlay":false,"sceneViewState":{"showFog":true,"showMaterialUpdate":false,"showSkybox":true,"showFlares":true,"showImageEffects":true,"showParticleSystems":true},"in2DMode":false,"pivot":{"x":-8.874160766601563,"y":4.785055160522461,"z":-0.8576250076293945},"rotation":{"x":-0.09767802059650421,"y":0.8207258582115173,"z":-0.14756391942501069,"w":-0.5432475805282593},"size":109.77208709716797,"orthographic":true}