{"cameraMode":{"drawMode":0,"name":"Shaded","section":"Shading Mode"},"sceneLighting":true,"audioPlay":false,"sceneViewState":{"showFog":true,"showMaterialUpdate":false,"showSkybox":true,"showFlares":true,"showImageEffects":true,"showParticleSystems":true},"in2DMode":false,"pivot":{"x":-42.5903434753418,"y":1.3753340244293213,"z":-2.4300003051757814},"rotation":{"x":0.21881186962127686,"y":0.045504212379455569,"z":-0.009944125078618527,"w":0.974744439125061},"size":43.832637786865237,"orthographic":true}